2024 Low Performing Contracts: Medicare Report Card Master Table,,,,,,,,,,,,,,,,,,,,,,,,,,,,,,,,,,,,,,,,,,,,,,,,,,,
Contract Number,Organization Type,Contract Name,Organization Marketing Name,Parent Organization,Rated As,2022 C Summary,2022 D Summary,2023 C Summary,2023 D Summary,2024 C Summary,2024 D Summary,Reason for LPI,,,,,,,,,,,,,,,,,,,,,,,,,,,,,,,,,,,,,,,
H0724 ,Local CCP ,"BUCKEYE HEALTH PLAN COMMUNITY SOLUTIONS, Inc. ",Wellcare by Allwell ,Centene Corporation ,MA-PD ,2.5,3,3,2.5,2.5,2.5,Part C or D,,,,,,,,,,,,,,,,,,,,,,,,,,,,,,,,,,,,,,,
H5199 ,Local CCP ,"WELLCARE HEALTH INSURANCE OF ARIZONA, INC. ",Wellcare ,Centene Corporation ,MA-PD ,2.5,3.5,2,2.5,2.5,3.5,Part C,,,,,,,,,,,,,,,,,,,,,,,,,,,,,,,,,,,,,,,
H6446 ,Local CCP ,"SILVERSUMMIT HEALTHPLAN, INC. ",Wellcare by Allwell ,Centene Corporation ,MA-PD ,. ,2.5,2,2.5,2.5,3.5,Part C or D,,,,,,,,,,,,,,,,,,,,,,,,,,,,,,,,,,,,,,,
H7175 ,Local CCP ,"WELLCARE HEALTH INSURANCE OF NORTH CAROLINA, INC. ",Wellcare ,Centene Corporation ,MA-PD ,2.5,3.5,2,2,2.5,2.5,Part C,,,,,,,,,,,,,,,,,,,,,,,,,,,,,,,,,,,,,,,
H7330 ,Local CCP ,"ZING HEALTH, INC. ",Zing Health ,"Zing Health Consolidator, Inc ",MA-PD ,. ,2.5,. ,2.5,2,3,Part C or D,,,,,,,,,,,,,,,,,,,,,,,,,,,,,,,,,,,,,,,
S6946 ,PDP ,CLEAR SPRING HEALTH INSURANCE COMPANY ,Clear Spring Health ,Group 1001 ,PDP ,. ,2,. ,1.5,. ,2,Part D,,,,,,,,,,,,,,,,,,,,,,,,,,,,,,,,,,,,,,,
